Title, Image, Link, Price, Reviews, Stars
"Panasonic RP-HJE120-PPK In-Ear Headphone, Black  ","https://m.media-amazon.com/images/I/617O4vOhUSL._AC_UL320_.jpg","https://amazon.com.au/Panasonic-RP-HJE120-PPK-in-Ear-Headphone-Black/dp/B003EM8008/ref=sr_1_1?crid=3SWH9F531HPAZ&keywords=earphones&qid=1641481234&sprefix=%2Caps%2C708&sr=8-1","$,1,3,.,4,9","34,864","4.3 out of 5 stars"
"SOUNDPEATS TrueAir2 Wireless Earbuds Bluetooth V5.2 Headphones Wireless Earphones with Qualcomm QCC3040, TrueWireless Mirroring, 4 Mic for Clear Calls and cVc 8.0 Noise Cancellation, aptX Codec, Total 25 Hours  ","https://m.media-amazon.com/images/I/613rl4IgthL._AC_UL320_.jpg","https://amazon.com.au/SOUNDPEATS-Bluetooth-Headphones-TrueWireless-Cancellation/dp/B08JGZQCM1/ref=sr_1_2?crid=3SWH9F531HPAZ&keywords=earphones&qid=1641481234&sprefix=%2Caps%2C708&sr=8-2","$,4,7,.,9,9,$,5,1,.,9,9","2,997","4.1 out of 5 stars"
"Apple EarPods with 3.5mm Headphone Plug  ","https://m.media-amazon.com/images/I/31eJeKZrXQS._AC_UL320_.jpg","https://amazon.com.au/Apple-Original-EarPods-Remote-Mic/dp/B075J6J5C1/ref=sr_1_3?crid=3SWH9F531HPAZ&keywords=earphones&qid=1641481234&sprefix=%2Caps%2C708&sr=8-3","$,2,9,.,0,0","42","4.5 out of 5 stars"
"1MORE Piston Fit In Ear Headphones, Noise Isolation, Balance Sound, Phone Control With Button, 3.5mm Wired Earphones With Mic, Earphone For Smartphone/Tablet/PC/Kids  ","https://m.media-amazon.com/images/I/514UQ1ZBNTL._AC_UL320_.jpg","https://amazon.com.au/1MORE-Headphones-Eardphones-Isolation-Smartphones/dp/B0826VMPC8/ref=sr_1_4?crid=3SWH9F531HPAZ&keywords=earphones&qid=1641481234&sprefix=%2Caps%2C708&sr=8-4","$,1,4,.,9,9,$,1,6,.,9,9","166","4.4 out of 5 stars"
"Sony E9LP In-ear Headphones, Black  ","https://m.media-amazon.com/images/I/61a16eAO+XL._AC_UL320_.jpg","https://amazon.com.au/Sony-MDR-E9LP-Ear-Headphones-Black/dp/B00ZPK3JFI/ref=sr_1_5?crid=3SWH9F531HPAZ&keywords=earphones&qid=1641481234&sprefix=%2Caps%2C708&sr=8-5","$,8,.,0,0,$,1,4,.,9,5","1,651","4.2 out of 5 stars"
"Apple EarPods with Lightning Connector  ","https://m.media-amazon.com/images/I/41GwLXE15GL._AC_UL320_.jpg","https://amazon.com.au/Apple-EarPods-Lightning-Connector-MMTN2FE/dp/B01LXHCKBB/ref=sr_1_6?crid=3SWH9F531HPAZ&keywords=earphones&qid=1641481234&sprefix=%2Caps%2C708&sr=8-6","$,2,9,.,0,0","42","4.4 out of 5 stars"
"SoundPEATS Air3 Wireless Earbuds Mini Bluetooth V5.2 Earphones with Qualcomm QCC3040 and aptX-Adaptive, 4-Mic and CVC 8.0 Noise Cancellation, TrueWireless Mirroring Tech, in-Ear Detection, Game Mode  ","https://m.media-amazon.com/images/I/61p6od98YQL._AC_UL320_.jpg","https://amazon.com.au/SoundPEATS-Air3-aptX-Adaptive-Cancellation-TrueWireless/dp/B09BZKNBY7/ref=sr_1_7?crid=3SWH9F531HPAZ&keywords=earphones&qid=1641481234&sprefix=%2Caps%2C708&sr=8-7","$,5,8,.,9,9","671","4.4 out of 5 stars"
"Sony In-Ear Lightweight Headphones with Smartphone Control and Microphone, Black  ","https://m.media-amazon.com/images/I/51JDFsxAVXL._AC_UL320_.jpg","https://amazon.com.au/Sony-MDR-EX15APBZE-in-Ear-Headphones-Black/dp/B00ILAA0QU/ref=sr_1_8?crid=3SWH9F531HPAZ&keywords=earphones&qid=1641481234&sprefix=%2Caps%2C708&sr=8-8","$,1,7,.,9,7,$,2,9,.,9,5","2,876","4.0 out of 5 stars"
"TOZO T6 True Wireless Earbuds Bluetooth Headphones Touch Control with Wireless Charging Case IPX8 Waterproof Stereo Earphones in-Ear Built-in Mic Headset Premium Deep Bass for Sport Black  ","https://m.media-amazon.com/images/I/71gtHnQGfQL._AC_UL320_.jpg","https://amazon.com.au/TOZO-True-Wireless-Headphones-Stereo/dp/B07RGZ5NKS/ref=sr_1_9?crid=3SWH9F531HPAZ&keywords=earphones&qid=1641481234&sprefix=%2Caps%2C708&sr=8-9","$,4,9,.,9,9,$,5,9,.,9,8","103,624","4.4 out of 5 stars"
"Samsung Galaxy Buds Live - Black  ","https://m.media-amazon.com/images/I/71UQpNAPDfL._AC_UL320_.jpg","https://amazon.com.au/Samsung-Galaxy-Buds-Live-cancellation/dp/B08DJR6LGV/ref=sr_1_10?crid=3SWH9F531HPAZ&keywords=earphones&qid=1641481234&sprefix=%2Caps%2C708&sr=8-10","$,1,3,5,.,0,0,$,3,1,9,.,0,0","86","4.3 out of 5 stars"
"Samsung EO-EG920BB Earphones Black  ","https://m.media-amazon.com/images/I/51pmgyRXvQL._AC_UL320_.jpg","https://amazon.com.au/Samsung-EO-EG920BB-Earphones-Black/dp/B06XK8GNR3/ref=sr_1_11?crid=3SWH9F531HPAZ&keywords=earphones&qid=1641481234&sprefix=%2Caps%2C708&sr=8-11","$,1,0,.,9,9","841","3.8 out of 5 stars"
"New Beats Studio Buds – True Wireless Noise Cancelling Earbuds – Compatible with Apple & Android, Built-in Microphone, IPX4 Rating, Sweat Resistant Earphones, Class 1 Bluetooth Headphones - Beats Red  ","https://m.media-amazon.com/images/I/51utxdpV8cS._AC_UL320_.jpg","https://amazon.com.au/Beats-Studio-Cancelling-Earbuds-Built-Bluetooth-Headphones/dp/B09B9P9KCD/ref=sr_1_12?crid=3SWH9F531HPAZ&keywords=earphones&qid=1641481234&sprefix=%2Caps%2C708&sr=8-12","$,1,7,5,.,0,0,$,1,9,9,.,9,5","26","4.0 out of 5 stars"
"Bose QuietComfort Noise Cancelling Earbuds - True Wireless Bluetooth Earphones, Soapstone  ","https://m.media-amazon.com/images/I/51Fa9W9caDS._AC_UL320_.jpg","https://amazon.com.au/Bose-831262-0020-QuietComfort-Earbuds-Soapstone/dp/B08CJP6V6W/ref=sr_1_13?crid=3SWH9F531HPAZ&keywords=earphones&qid=1641481234&sprefix=%2Caps%2C708&sr=8-13","$,2,9,6,.,0,0,$,3,9,9,.,9,5","2,079","4.2 out of 5 stars"
"Sony WISP510 In-Ear Sports Bluetooth Headphone, Black  ","https://m.media-amazon.com/images/I/61Hnk1fNSfL._AC_UL320_.jpg","https://amazon.com.au/Sony-Neckband-Bluetooth-Headphone-WI-SP510B/dp/B087DFS396/ref=sr_1_14?crid=3SWH9F531HPAZ&keywords=earphones&qid=1641481234&sprefix=%2Caps%2C708&sr=8-14","$,1,6,5,.,0,2,$,1,7,9,.,9,5","5","3.9 out of 5 stars"
"Huawei AM115 Earphones  ","https://m.media-amazon.com/images/I/31aSGQavQYL._AC_UL320_.jpg","https://amazon.com.au/Huawei-AM115-BI-BULK-AM115-Earphones/dp/B01930MSOS/ref=sr_1_15?crid=3SWH9F531HPAZ&keywords=earphones&qid=1641481234&sprefix=%2Caps%2C708&sr=8-15","$,9,.,9,9","442","4.0 out of 5 stars"
"Sennheiser MOMENTUM True Wireless 2 Noise Cancelling Headphones, Black  ","https://m.media-amazon.com/images/I/71512ak6TsL._AC_UL320_.jpg","https://amazon.com.au/Sennheiser-MOMENTUM-Wireless-Cancelling-Headphones/dp/B084ZLF1TH/ref=sr_1_16?crid=3SWH9F531HPAZ&keywords=earphones&qid=1641481234&sprefix=%2Caps%2C708&sr=8-16","$,3,7,7,.,0,0,$,4,9,9,.,0,0","2,877","4.2 out of 5 stars"
"SoundPEATS True Wireless Bluetooth Earbuds in-Ear Stereo Bluetooth Headphones Wireless Earphones (Bluetooth 5.0, Built-in Mic, Stereo Calls, Total 35 Hours Playtime)  ","https://m.media-amazon.com/images/I/61JH5bAlkHL._AC_UL320_.jpg","https://amazon.com.au/SoundPEATS-Wireless-Bluetooth-Headphones-Earphones/dp/B07N77M5XV/ref=sr_1_17?crid=3SWH9F531HPAZ&keywords=earphones&qid=1641481234&sprefix=%2Caps%2C708&sr=8-17","$,3,9,.,9,9,$,4,9,.,9,9","2,598","4.4 out of 5 stars"
"Apple AirPods (2nd Gen) with Charging Case  ","https://m.media-amazon.com/images/I/7120GgUKj3L._AC_UL320_.jpg","https://amazon.com.au/Apple-Airpods-Gen-Charging-Case/dp/B07NWBVQWK/ref=sr_1_18?crid=3SWH9F531HPAZ&keywords=earphones&qid=1641481234&sprefix=%2Caps%2C708&sr=8-18","$,1,7,9,.,0,0,$,2,1,9,.,0,0","319","4.5 out of 5 stars"
"Powerbeats Pro - Totally Wireless Earphones – Apple H1 Headphone chip, Class 1 Bluetooth®, 9 Hours of Listening time, Sweat-Resistant Earbuds – Black  ","https://m.media-amazon.com/images/I/51bATskzymL._AC_UL320_.jpg","https://amazon.com.au/Powerbeats-Pro-Earphones-Bluetooth%C2%AE-Sweat-Resistant/dp/B08ZT3F76D/ref=sr_1_19?crid=3SWH9F531HPAZ&keywords=earphones&qid=1641481234&sprefix=%2Caps%2C708&sr=8-19","$,3,2,9,.,0,0,$,3,4,9,.,9,5","9","3.7 out of 5 stars"
"Sony In-Ear Lightweight Headphones, Black  ","https://m.media-amazon.com/images/I/51ODqjkqC-L._AC_UL320_.jpg","https://amazon.com.au/Sony-MDR-EX15LPBZE-in-Ear-Headphones-Black/dp/B075BKWJN6/ref=sr_1_20?crid=3SWH9F531HPAZ&keywords=earphones&qid=1641481234&sprefix=%2Caps%2C708&sr=8-20","$,1,4,.,0,0,$,2,4,.,9,5","3,701","4.3 out of 5 stars"
"SoundPEATS Air3 Wireless Earbuds Mini Bluetooth V5.2 Earphones with Qualcomm QCC3040 and aptX-Adaptive, 4-Mic and CVC 8.0 Noise Cancellation, TrueWireless Mirroring Tech, in-Ear Detection, Game Mode (White)  ","https://m.media-amazon.com/images/I/51V-iEV77ZL._AC_UL320_.jpg","https://amazon.com.au/SoundPEATS-Bluetooth-aptX-Adaptive-Cancellation-TrueWireless/dp/B09LM476H2/ref=sr_1_21?crid=3SWH9F531HPAZ&keywords=earphones&qid=1641481234&sprefix=%2Caps%2C708&sr=8-21","$,5,9,.,9,9","671","4.4 out of 5 stars"
"KLIM Fusion Earbuds with Microphone + Long-Lasting Wired Ear Buds + 5 Years Warranty - Innovative: in-Ear with Memory Foam + Earphones with Mic and 3.5 mm Jack - New 2021 Version - Black  ","https://m.media-amazon.com/images/I/61jefoi2AsL._AC_UL320_.jpg","https://amazon.com.au/KLIM-Fusion-Gaming-buds-Audio/dp/B0736SCQ4X/ref=sr_1_22?crid=3SWH9F531HPAZ&keywords=earphones&qid=1641481234&sprefix=%2Caps%2C708&sr=8-22","$,2,4,.,9,7","33,730","4.1 out of 5 stars"
"SOUNDPEATS TrueAir2 Wireless Earbuds Bluetooth V5.2 Headphones Wireless Earphones with Qualcomm QCC3040, TrueWireless Mirroring, 4 Mic for Clear Calls and cVc 8.0 Noise Cancellation, aptX Codec, Total 25 Hours  ","https://m.media-amazon.com/images/I/51Bd-nJxFFL._AC_UL320_.jpg","https://amazon.com.au/SOUNDPEATS-Bluetooth-Headphones-TrueWireless-Cancellation/dp/B08MQP7GYY/ref=sr_1_23?crid=3SWH9F531HPAZ&keywords=earphones&qid=1641481234&sprefix=%2Caps%2C708&sr=8-23","$,4,9,.,9,9,$,5,6,.,9,9","2,997","4.1 out of 5 stars"
"Jabra Elite Active 75t Earbuds - Active Noise Cancelling True Wireless Sports Earphones with Long Battery Life for Calls and Music - Gray  ","https://m.media-amazon.com/images/I/51VrdN-LfMS._AC_UL320_.jpg","https://amazon.com.au/Jabra-Elite-Active-75t-Earbuds/dp/B086WHZKY8/ref=sr_1_24?crid=3SWH9F531HPAZ&keywords=earphones&qid=1641481234&sprefix=%2Caps%2C708&sr=8-24","$,2,4,9,.,0,0","49","3.8 out of 5 stars"
"Skullcandy Ink'd (Discontinued by Manufacturer) - Pink/Black  ","https://m.media-amazon.com/images/I/61ucQPHC7ML._AC_UL320_.jpg","https://amazon.com.au/Skullcandy-Inkd-Discontinued-Manufacturer-Black/dp/B007136BMA/ref=sr_1_25?crid=3SWH9F531HPAZ&keywords=earphones&qid=1641481234&sprefix=%2Caps%2C708&sr=8-25","$,3,3,.,7,5","239","4.3 out of 5 stars"
"Sennheiser Over Ear Noise Cancelling Wireless Headphones HD 450BT, Black  ","https://m.media-amazon.com/images/I/71z97HfSZxS._AC_UL320_.jpg","https://amazon.com.au/Sennheiser-Active-Cancellation-Over-Ear-Headphones/dp/B083T4XJDY/ref=sr_1_26?crid=3SWH9F531HPAZ&keywords=earphones&qid=1641481234&sprefix=%2Caps%2C708&sr=8-26","","1,965","4.1 out of 5 stars"
"Anker Soundcore Life Q10 Wireless Bluetooth Headphones, Over Ear and Foldable, Hi-Res Certified Sound, 60-Hour Playtime and Fast USB-C Charging, Deep Bass, Aux Input.  ","https://m.media-amazon.com/images/I/71QtBIbPC7L._AC_UL320_.jpg","https://amazon.com.au/Soundcore-Wireless-Bluetooth-Headphones-Certified/dp/B07SHG4H92/ref=sr_1_27?crid=3SWH9F531HPAZ&keywords=earphones&qid=1641481234&sprefix=%2Caps%2C708&sr=8-27","$,5,9,.,4,9,$,8,9,.,9,9","175","4.5 out of 5 stars"
"Sennheiser In Ear Headphones CX 300, Red  ","https://m.media-amazon.com/images/I/716sbR0Or1L._AC_UL320_.jpg","https://amazon.com.au/Sennheiser-Ear-Smart-Remote-300s/dp/B07N246ZPJ/ref=sr_1_28?crid=3SWH9F531HPAZ&keywords=earphones&qid=1641481234&sprefix=%2Caps%2C708&sr=8-28","$,6,8,.,7,1,$,8,9,.,9,5","625","4.1 out of 5 stars"
"KZ ZSN Pro X HiFi Earphone 1BA 1DD Hybrid Driver Bass Earbuds in Ear IEMs Detachable Cable Sport Monitor Headphone Headset (No mic,Black)  ","https://m.media-amazon.com/images/I/61XzYY2hxZL._AC_UL320_.jpg","https://amazon.com.au/ZSN-Pro-Earphone-Detachable-Headphone/dp/B08FB5XVRX/ref=sr_1_29?crid=3SWH9F531HPAZ&keywords=earphones&qid=1641481234&sprefix=%2Caps%2C708&sr=8-29","$,3,5,.,0,0","16","4.3 out of 5 stars"
"Edifier H180 Stereo Flat in-Ear Earbuds Headphones - Wired Classic Lightweight Basic Earbuds Earphones Comfortable - White  ","https://m.media-amazon.com/images/I/610zcduKZ0L._AC_UL320_.jpg","https://amazon.com.au/Without-Mic-White-Headphone-Headphones/dp/B016AY6DQO/ref=sr_1_30?crid=3SWH9F531HPAZ&keywords=earphones&qid=1641481234&sprefix=%2Caps%2C708&sr=8-30","$,9,.,9,9","2,811","4.2 out of 5 stars"
"SOUNDPEATS Dual Dynamic Drivers Bluetooth Headphones, Neckband Wireless Earbuds with Crossover, APTX HD Audio Built in Mic 22 Hours Playtime, Bluetooth 5.0 Headset Sports Earphones  ","https://m.media-amazon.com/images/I/61gJO1-D84L._AC_UL320_.jpg","https://amazon.com.au/SOUNDPEATS-Bluetooth-Headphones-Crossover-Earphones/dp/B086D6WXF5/ref=sr_1_31?crid=3SWH9F531HPAZ&keywords=earphones&qid=1641481234&sprefix=%2Caps%2C708&sr=8-31","$,5,4,.,9,9,$,5,8,.,9,9","305","4.3 out of 5 stars"
"SOUNDPEATS TrueAir2 Wireless Earbuds Bluetooth V5.2 Headphones Wireless Earphones with Qualcomm QCC3040, TrueWireless Mirroring, 4 Mic for Clear Calls and cVc 8.0 Noise Cancellation, aptX Codec, Total 25 Hours  ","https://m.media-amazon.com/images/I/51gYzDrGUBS._AC_UL320_.jpg","https://amazon.com.au/SOUNDPEATS-Bluetooth-Headphones-TrueWireless-Cancellation/dp/B08ZJFV25W/ref=sr_1_32?crid=3SWH9F531HPAZ&keywords=earphones&qid=1641481234&sprefix=%2Caps%2C708&sr=8-32","$,4,9,.,9,9","2,997","4.1 out of 5 stars"
"QCY T1C Wireless Bluetooth Earbuds, in-Ear Stereo Bluetooth Headphones, Wireless Charging Case, Noise Cancelling Built-in Mic, Deep Bass Binaural Calls Auto Pairing…  ","https://m.media-amazon.com/images/I/51or2JqGKYL._AC_UL320_.jpg","https://amazon.com.au/QCY-Wireless-Bluetooth-Headphones-Cancelling/dp/B089Y8BR2P/ref=sr_1_33?crid=3SWH9F531HPAZ&keywords=earphones&qid=1641481234&sprefix=%2Caps%2C708&sr=8-33","$,1,8,.,9,9","2,864","4.2 out of 5 stars"
"AfterShokz OpenMove Wireless Bone Conduction Headphones Bluetooth Sweat Resistant Earphones with Mic for Sport, Alpine White  ","https://m.media-amazon.com/images/I/517xN3tZq4L._AC_UL320_.jpg","https://amazon.com.au/AfterShokz-Conduction-Headphones-Bluetooth-Resistant/dp/B08BZDTBGZ/ref=sr_1_34?crid=3SWH9F531HPAZ&keywords=earphones&qid=1641481234&sprefix=%2Caps%2C708&sr=8-34","$,1,2,9,.,0,0","4,816","4.5 out of 5 stars"
"Anker Soundcore Life P2 True Wireless Earbuds with 4 Microphones, CVC 8.0 Noise Reduction, Graphene Drivers for Clear Sound, USB C, 40H Playtime, IPX7 Waterproof, Not for iPhone 11 Series  ","https://m.media-amazon.com/images/I/61ulUeZ+FYL._AC_UL320_.jpg","https://amazon.com.au/Soundcore-Wireless-Microphones-Reduction-Waterproof/dp/B07SJR6HL3/ref=sr_1_35?crid=3SWH9F531HPAZ&keywords=earphones&qid=1641481234&sprefix=%2Caps%2C708&sr=8-35","$,5,9,.,9,9,$,1,0,9,.,9,9","175","3.7 out of 5 stars"
"Sennheiser In Ear Wireless Headphones CX 150, Black  ","https://m.media-amazon.com/images/I/51Ufm+gAT9S._AC_UL320_.jpg","https://amazon.com.au/Sennheiser-CX-150BT-Black-Earphones/dp/B0829LLCSD/ref=sr_1_36?crid=3SWH9F531HPAZ&keywords=earphones&qid=1641481234&sprefix=%2Caps%2C708&sr=8-36","$,6,6,.,9,9,$,1,0,9,.,0,0","714","3.9 out of 5 stars"
"Powerbeats Pro Totally Wireless Earphones – Apple H1 Headphone chip, Class 1 Bluetooth®, 9 Hours of Listening time, Sweat-Resistant Earbuds – Cloud Pink  ","https://m.media-amazon.com/images/I/51bSiIi1COS._AC_UL320_.jpg","https://amazon.com.au/Powerbeats-Totally-Wireless-Earphones-Sweat-Resistant/dp/B08HXSMJ7L/ref=sr_1_37?crid=3SWH9F531HPAZ&keywords=earphones&qid=1641481234&sprefix=%2Caps%2C708&sr=8-37","$,3,4,4,.,9,0","9","3.7 out of 5 stars"
"Apple AirPods (3rd Generation)  ","https://m.media-amazon.com/images/I/615ekapl+pL._AC_UL320_.jpg","https://amazon.com.au/Apple-MME73ZA-A-AirPods-3rd-Generation/dp/B09JQX1VF4/ref=sr_1_38?crid=3SWH9F531HPAZ&keywords=earphones&qid=1641481234&sprefix=%2Caps%2C708&sr=8-38","$,2,6,8,.,0,0","29","4.4 out of 5 stars"
"Bose Sport Earbuds - True Wireless Earphones - Bluetooth In Ear Headphones for Workouts and Running, Glacier White  ","https://m.media-amazon.com/images/I/51WPD-oetHL._AC_UL320_.jpg","https://amazon.com.au/Bose-805746-0030-Sport-Earbuds-White/dp/B08CJFYBBZ/ref=sr_1_39?crid=3SWH9F531HPAZ&keywords=earphones&qid=1641481234&sprefix=%2Caps%2C708&sr=8-39","$,1,9,9,.,0,0,$,2,9,9,.,0,0","2,052","4.2 out of 5 stars"
"Headphones 2XL by Skullcandy Spoke in-Ear Headphone Earphone with Ambient Chatter Reduction- Red, Red, (X2SPFZ-827)  ","https://m.media-amazon.com/images/I/6171-Y+NuwL._AC_UL320_.jpg","https://amazon.com.au/Headphone-Ambient-Chatter-Reduction-X2SPFZ-827/dp/B00A7QAWXC/ref=sr_1_40?crid=3SWH9F531HPAZ&keywords=earphones&qid=1641481234&sprefix=%2Caps%2C708&sr=8-40","$,5,.,0,0","10","3.8 out of 5 stars"
"SHURE AONIC 215 Wired Sound Isolating Earbuds, Clear Sound, Single Driver, Secure In-Ear Fit, Detachable Cable, Durable Quality, Compatible with Apple & Android Devices, Clear (SE215DYCL+UNI-A)  ","https://m.media-amazon.com/images/I/71l3KBAmguL._AC_UL320_.jpg","https://amazon.com.au/SHURE-Isolating-Detachable-Compatible-SE215DYCL/dp/B08G4M4GHN/ref=sr_1_41?crid=3SWH9F531HPAZ&keywords=earphones&qid=1641481234&sprefix=%2Caps%2C708&sr=8-41","$,1,5,9,.,0,0,$,1,7,8,.,1,1","40","4.1 out of 5 stars"
"Bose Sport Earbuds - True Wireless Earphones - Bluetooth In Ear Headphones for Workouts and Running, Baltic Blue  ","https://m.media-amazon.com/images/I/51Q3-+Br7KS._AC_UL320_.jpg","https://amazon.com.au/Bose-805746-0020-Sport-Earbuds-Blue/dp/B08CJCLV4F/ref=sr_1_42?crid=3SWH9F531HPAZ&keywords=earphones&qid=1641481234&sprefix=%2Caps%2C708&sr=8-42","$,1,9,9,.,0,0,$,2,9,9,.,0,0","1,988","4.3 out of 5 stars"
"MUSICOZY Sleep Headphones Bluetooth Sports Headband, Wireless Music Headband Headphones, IPX6 Waterproof Headphones with Mic for Sleeping Workout Running Insomnia Side Sleepers Travel AMSR Yoga Meditation  ","https://m.media-amazon.com/images/I/71PAvSo7y1L._AC_UL320_.jpg","https://amazon.com.au/Headphones-Bluetooth-Headband-Waterproof-Meditation/dp/B087MDNJ6S/ref=sr_1_43?crid=3SWH9F531HPAZ&keywords=earphones&qid=1641481234&sprefix=%2Caps%2C708&sr=8-43","$,2,8,.,9,9","4,873","4.0 out of 5 stars"
"Anker Soundcore Life Dot 2 True Wireless Earbuds, 100 Hour Playtime, 8mm Drivers, Superior Sound, Secure Fit with AirWings, Bluetooth 5, Comfortable Design for Commute, Sports, Jogging  ","https://m.media-amazon.com/images/I/61Eip6aSuyL._AC_UL320_.jpg","https://amazon.com.au/Soundcore-Wireless-Playtime-Bluetooth-Comfortable/dp/B086MZ9HQT/ref=sr_1_44?crid=3SWH9F531HPAZ&keywords=earphones&qid=1641481234&sprefix=%2Caps%2C708&sr=8-44","$,5,9,.,9,9,$,6,9,.,9,9","124","4.3 out of 5 stars"
"TOZO T10 Bluetooth 5.0 Wireless Earbuds with Wireless Charging Case IPX8 Waterproof Stereo Headphones in Ear Built in Mic Headset Premium Sound with Deep Bass for Sport Black  ","https://m.media-amazon.com/images/I/714azwTIF+L._AC_UL320_.jpg","https://amazon.com.au/TOZO-Bluetooth-Wireless-Headphones-Waterproof/dp/B07J2Z5DBM/ref=sr_1_45?crid=3SWH9F531HPAZ&keywords=earphones&qid=1641481234&sprefix=%2Caps%2C708&sr=8-45","$,4,2,.,9,9,$,5,2,.,9,8","205,244","4.3 out of 5 stars"
"Wireless Earbuds, SoundPEATS S5 Over-Ear Hooks Headphones Bluetooth 5.0 Stereo Sound Wireless Earphones with Touch Control IPX7 Waterproof for Sports, 12 mm Driver, USB-C Charge  ","https://m.media-amazon.com/images/I/61ey7JZHtkL._AC_UL320_.jpg","https://amazon.com.au/SoundPEATS-Headphones-Bluetooth-Earphones-Waterproof/dp/B09D7KYM82/ref=sr_1_46?crid=3SWH9F531HPAZ&keywords=earphones&qid=1641481234&sprefix=%2Caps%2C708&sr=8-46","$,3,4,.,3,9","1,017","4.4 out of 5 stars"
"3.5mm Interface Small Earphones， S8 in-Ear Headphones, Designed with Volume up and Down + Microphone for Calls,Stereo Headset.  ","https://m.media-amazon.com/images/I/61IBLY-tdaS._AC_UL320_.jpg","https://amazon.com.au/Interface-Earphones%EF%BC%8C-Headphones-Designed-Microphone/dp/B097N5W3W5/ref=sr_1_47?crid=3SWH9F531HPAZ&keywords=earphones&qid=1641481234&sprefix=%2Caps%2C708&sr=8-47","$,1,6,.,9,9"
"TOZO T12 Bluetooth 5.0 Earbuds 【True Wireless Stereo】 Headphones IPX8 Waterproof in-Ear Wireless Charging Case Built-in Mic Headset Premium Sound with Deep Bass for Running Sport Champange  ","https://m.media-amazon.com/images/I/71ogjRmFpSL._AC_UL320_.jpg","https://amazon.com.au/TOZO-T12-Bluetooth-Headphones-Waterproof/dp/B08FT915SZ/ref=sr_1_48?crid=3SWH9F531HPAZ&keywords=earphones&qid=1641481234&sprefix=%2Caps%2C708&sr=8-48","$,5,5,.,9,9,$,6,5,.,9,8","28,335","4.2 out of 5 stars"